group,path,type
sips,/rv-dealership-websites,s
sips,/mobile-websites,s
sips,/rv-digital-marketing-solutions,s
sips,/rv-library,s
sips,/prospecting-crm,s
sips,/industry-relationships,s
sips,/video-virtual-tours,s
sips,/call-tracking,s
sips,/reporting-analytics,s
sips,/email-marketing-for-rv-dealerships,s
sips,/social-media,s
sips,/multi-locations,s
sips,/why-interactrv,s
sips,/google-vehicle-listings,s
sips,/automated-email-marketing,s
sips,/targeted-digital-advertising,s
sub-pillar,/blog/2023/12/07/identify-prioritize-your-digital-marketing-channels-in-the-modern-market,s
sub-pillar,/blog/2024/02/21/what-can-automated-email-marketing-do-for-your-dealership,s
sub-pillar,/blog/2024/01/11/build-your-brand-and-boost-business-with-search-engine-optimization,s
sub-pillar,/blog/2023/12/11/the-power-of-targeted-digital-advertising-for-rv-dealers-importance-benefits-best-practices,s
sub-pillar,/blog/2024/03/20/managing-your-dealerships-reputation-ensure-success-through-modern-word-of-mouth-marketing,s
blog,^/blog,m
